TermID	Name	Value	LogSize	Frequency	Uniqueness	Dispensability	Representative
"GO:0000123"	"histone acetyltransferase complex"	-300	5.006072217510207	0.2530431390055417	0.6390565022692094	0.63361169	null
"GO:0031248"	"protein acetyltransferase complex"	-300	5.086872138269005	0.3047861402817743	0.8326972069750289	0.98114594	123
"GO:0000407"	"phagophore assembly site"	-300	4.789347992064955	0.153627006972055	0.9256085013884977	0.08239805	null
"GO:0000502"	"proteasome complex"	-300	5.186048960868364	0.38297706162584966	0.8425843827461861	0.54807376	null
"GO:1905369"	"endopeptidase complex"	-300	5.270135919913057	0.46479368613612704	0.8512177209830316	0.94032985	502
"GO:0000793"	"condensed chromosome"	-300	5.195849857830673	0.39171817531559905	0.7520558063647709	0.65895594	null
"GO:0000796"	"condensin complex"	-300	4.003891166236911	0.02517530574247252	0.7428838517156754	0.52664359	null
"GO:0000803"	"sex chromosome"	-300	3.297760511099134	0.004950719257911138	0.8165819165011005	0.47064758	null
"GO:0000806"	"Y chromosome"	-300	1.8808135922807914	0.00018714916549563275	0.8432634847400511	0.23049671	null
"GO:0000805"	"X chromosome"	-300	2.7015679850559273	0.001252651747717435	0.8273099270744564	0.80999547	806
"GO:0000814"	"ESCRT II complex"	-300	3.8874485002499535	0.019253906146190696	0.6642565204283601	0.5942207	null
"GO:0000935"	"division septum"	-300	3.5795549604009986	0.009474738418492234	0.9923245972786111	0.66123368	null
"GO:0000940"	"outer kinetochore"	-300	4.446164222025476	0.06970682584160667	0.6913664638810725	0.66764622	null
"GO:0000775"	"chromosome, centromeric region"	-300	5.14432196338084	0.347892831400935	0.7463743631326382	0.86194515	940
"GO:0000776"	"kinetochore"	-300	4.995525510424242	0.24697202007686342	0.7234366101755453	0.9185909	940
"GO:0000779"	"condensed chromosome, centromeric region"	-300	5.014541538950471	0.2580262974521388	0.7498205115314815	0.94309021	940
"GO:0000781"	"chromosome, telomeric region"	-300	4.662606746454132	0.11474240102647573	0.7668037736335238	0.76324344	940
"GO:0000794"	"condensed nuclear chromosome"	-300	4.4680074432592365	0.07330258514132944	0.7157658429914905	0.76215763	940
"GO:0042729"	"DASH complex"	-300	3.9848872010643275	0.024097326549217674	0.6834665911834942	0.76782481	940
"GO:0001891"	"phagocytic cup"	-300	3.4536240735914507	0.007089210388974568	0.9562928447780122	0.16388292	null
"GO:0005575"	"cellular_component"	-300	7.602873379307559	100	1	-0	null
"GO:0005576"	"extracellular region"	-300	6.174372980219259	3.728201021160707	0.9999329189208473	5.311E-05	null
"GO:0005615"	"extracellular space"	-300	5.883056976362223	1.906263969905416	0.999937888304675	4.364E-05	null
"GO:0005622"	"intracellular anatomical structure"	-300	7.350663985628704	55.94877702387162	0.9998980303968141	0.00026887	null
"GO:0005634"	"nucleus"	-300	6.825120770890613	16.68197006187276	0.7664156819583892	0.55355101	null
"GO:0005657"	"replication fork"	-300	5.122520596907223	0.3308597620186258	0.755393364801232	0.64892634	null
"GO:0005667"	"transcription regulator complex"	-300	5.496132248892271	0.782091371961836	0.892254487236891	0.33761194	null
"GO:0005694"	"chromosome"	-300	5.99968328386563	2.4935006213976125	0.7387381850438727	0.57148838	null
"GO:0005700"	"polytene chromosome"	-300	3.4599952560473914	0.007194013921652123	0.8124216329010965	0.48243482	null
"GO:0005737"	"cytoplasm"	-300	7.223858229711361	41.7815777098856	0.9095195925303432	0.09408604	null
"GO:0005739"	"mitochondrion"	-300	6.265495171559725	4.598556930214697	0.7957976224915168	0.24719214	null
"GO:0005773"	"vacuole"	-300	5.707755776035393	1.2731558102891367	0.8212875143693688	0.2044658	null
"GO:0005775"	"vacuolar lumen"	-300	3.785258633357701	0.015216474815898245	0.8157676583221334	0.55612246	null
"GO:0005776"	"autophagosome"	-300	4.691867993551476	0.12273990869865578	0.8313478167917424	0.53331888	null
"GO:0000323"	"lytic vacuole"	-300	5.516811595158069	0.8202323718898461	0.8030163706521959	0.88219724	5776
"GO:0005764"	"lysosome"	-300	5.344533740246999	0.5516433755371337	0.8083411587006142	0.89494659	5776
"GO:0005765"	"lysosomal membrane"	-300	5.0128920351129835	0.25704813114714825	0.7472043967118469	0.86394049	5776
"GO:0005774"	"vacuolar membrane"	-300	5.447277445905993	0.6988798623380645	0.7276438973292892	0.73855695	5776
"GO:0098852"	"lytic vacuole membrane"	-300	5.23758394873333	0.4312291071350369	0.736908892505303	0.82770909	5776
"GO:0005783"	"endoplasmic reticulum"	-300	6.0904354741384665	3.072994288082703	0.7363882827131611	0.69041267	null
"GO:0005793"	"endoplasmic reticulum-Golgi intermediate compartment"	-300	4.781231033504007	0.1507823396565214	0.8516363340486104	0.16206369	null
"GO:0005794"	"Golgi apparatus"	-300	5.970476587222244	2.331324640545717	0.743537924357581	0.64183492	null
"GO:0005811"	"lipid droplet"	-300	4.762265825409539	0.1443394177190584	0.7959024861686202	0.36847071	null
"GO:0005816"	"spindle pole body"	-300	4.5247854493212225	0.08354089215504386	0.7667894917292073	0.57688322	null
"GO:0005813"	"centrosome"	-300	5.234459069977987	0.42813740292104907	0.7361972016114672	0.78151379	5816
"GO:0005829"	"cytosol"	-300	6.683029467878457	12.02696395270017	0.8857222287195483	0.17107525	null
"GO:0005840"	"ribosome"	-300	6.030612673705181	2.6775580826792575	0.7368839925469938	0.57722929	null
"GO:0005856"	"cytoskeleton"	-300	6.096213889361101	3.1141546278807093	0.7328605259971969	0.55466468	null
"GO:0043232"	"intracellular non-membrane-bounded organelle"	-300	6.612937421517502	10.234436768971966	0.6983844171232068	0.70193148	5856
"GO:0005871"	"kinesin complex"	-300	4.38738982633873	0.06088336651903925	0.7166835946826562	0.56163481	null
"GO:0005875"	"microtubule associated complex"	-300	5.151817093375288	0.3539489783963737	0.6780021013320392	0.6603303	null
"GO:0005815"	"microtubule organizing center"	-300	5.459211494015455	0.7183508615162302	0.7262871153441092	0.77663248	5875
"GO:0005819"	"spindle"	-300	5.250107588316892	0.4438454562116493	0.7369681342554575	0.72693593	5875
"GO:0005886"	"plasma membrane"	-300	6.8250353366409255	16.678688713171073	0.9200361863494873	0.42008808	null
"GO:0005905"	"clathrin-coated pit"	-300	4.551962065864094	0.08893577876573129	0.9001412212657026	0.40569581	null
"GO:0005933"	"cellular bud"	-300	3.7000977046130537	0.012506554899521485	0.9999596412765669	2.662E-05	null
"GO:0005935"	"cellular bud neck"	-300	3.6344772701607315	0.010752343388275753	0.9798652353854918	2.632E-05	null
"GO:0005934"	"cellular bud tip"	-300	2.960946195733831	0.0022782291746335026	0.9809867156701808	0.90638015	5935
"GO:0005937"	"mating projection"	-300	4.124308552615652	0.033220224536578115	0.9563226978228041	0.60706594	null
"GO:0005938"	"cell cortex"	-300	5.356874484576564	0.5675435686376427	0.8857330852891635	0.2773294	null
"GO:0008023"	"transcription elongation factor complex"	-300	4.841628474485579	0.17328016467130306	0.722539278827486	0.62071371	null
"GO:0008287"	"protein serine/threonine phosphatase complex"	-300	4.721134336614164	0.13129636854511612	0.8644154951922068	0.49024892	null
"GO:0000164"	"protein phosphatase type 1 complex"	-300	3.9890491564382202	0.024329391514432256	0.8269380218350515	0.88605582	8287
"GO:0009295"	"nucleoid"	-300	4.889990423488617	0.19369190032136008	0.9999502152430764	3.381E-05	null
"GO:0009360"	"DNA polymerase III complex"	-300	4.535914097995172	0.08570932715258658	0.8410795647597542	0.47047327	null
"GO:0009536"	"plastid"	-300	5.430561992475414	0.6724918300031804	0.8316404622805481	0.18962295	null
"GO:0009898"	"cytoplasmic side of plasma membrane"	-300	5.02453902763709	0.26403503332565187	0.9347457367355857	0.27859788	null
"GO:0031234"	"extrinsic component of cytoplasmic side of plasma membrane"	-300	4.721645766289746	0.13145107852192583	0.9236835755103403	0.9348014	9898
"GO:0098562"	"cytoplasmic side of membrane"	-300	5.044002439470989	0.2761373460277028	0.9669389306087115	0.83009123	9898
"GO:0009986"	"cell surface"	-300	5.394946984319184	0.6195435881011558	0.9999446637334084	3.818E-05	null
"GO:0012505"	"endomembrane system"	-300	6.437610900425081	6.834981971920888	0.999927612590598	7.846E-05	null
"GO:0016020"	"membrane"	-300	7.300683746686734	49.86666869619539	0.9999003672957214	0.00019969	null
"GO:0016604"	"nuclear body"	-300	5.029404071345731	0.2670094573959292	0.7880247208516317	0.64937091	null
"GO:0016607"	"nuclear speck"	-300	4.7664202835980785	0.1457268168659327	0.7946294497786746	0.60993292	null
"GO:0015030"	"Cajal body"	-300	3.960613457647909	0.022787282390748245	0.8196447258198603	0.79231173	16607
"GO:0016605"	"PML body"	-300	4.3038006237651745	0.050223350052408	0.8097835059712352	0.83663238	16607
"GO:0019867"	"outer membrane"	-300	5.647804344281853	1.1089960482829875	0.9735744525289508	0.07385559	null
"GO:0019897"	"extrinsic component of plasma membrane"	-300	4.981034448719282	0.23886721354979923	0.931183754418787	0.27601694	null
"GO:0099243"	"extrinsic component of synaptic membrane"	-300	3.4553017716570764	0.007116658933247261	0.8995460786135747	0.70408194	19897
"GO:0019898"	"extrinsic component of membrane"	-300	5.2100267514856125	0.40471630868982233	0.9758884071944424	0.0667344	null
"GO:0030117"	"membrane coat"	-300	5.074212834596789	0.29603005465878524	0.8044874273469974	0.48981863	null
"GO:0030118"	"clathrin coat"	-300	4.710903969804611	0.1282395988420208	0.8163802658475402	0.93021401	30117
"GO:0030120"	"vesicle coat"	-300	4.938159331413048	0.21641180901252988	0.617423864841587	0.97091952	30117
"GO:0030125"	"clathrin vesicle coat"	-300	4.569198283347813	0.09253652870986727	0.6371853073656814	0.90651546	30117
"GO:0030288"	"outer membrane-bounded periplasmic space"	-300	5.37207388974404	0.5877581738333776	0.9999449432195417	3.796E-05	null
"GO:0030313"	"cell envelope"	-300	5.674807883603691	1.1801401797156006	0.9999409840294492	4.113E-05	null
"GO:0030427"	"site of polarized growth"	-300	4.74423820378745	0.13847041988911535	0.9999516084878026	3.273E-05	null
"GO:0030428"	"cell septum"	-300	4.461753566125456	0.0722545498145539	0.9999540909927788	3.082E-05	null
"GO:0030684"	"preribosome"	-300	5.311870363459812	0.5116757997538863	0.8845013840607392	0.65103773	null
"GO:0030687"	"preribosome, large subunit precursor"	-300	4.74067053463103	0.13733754360731515	0.8959614021954134	0.569481	null
"GO:0030964"	"NADH dehydrogenase complex"	-300	4.7087352461451	0.12760079635712904	0.8376141713054425	0.48887332	null
"GO:0045271"	"respiratory chain complex I"	-300	4.535332103321826	0.0855945423310826	0.842168025994341	0.74736287	30964
"GO:0030981"	"cortical microtubule cytoskeleton"	-300	3.6306312440205	0.010657521144424632	0.7526951637784047	0.65950661	null
"GO:0030479"	"actin cortical patch"	-300	4.598374610198675	0.0989669740362972	0.7224557328248058	0.91738598	30981
"GO:0030863"	"cortical cytoskeleton"	-300	4.974539324593073	0.23532136069420861	0.7077051855374454	0.83636112	30981
"GO:0030864"	"cortical actin cytoskeleton"	-300	4.8908120989551245	0.19405871268573152	0.7089030559496374	0.7845579	30981
"GO:0031012"	"extracellular matrix"	-300	5.386693329027072	0.607880452107468	0.9612835241699514	0.27925686	null
"GO:0031090"	"organelle membrane"	-300	6.361341897791151	5.734140636609097	0.7935524289515095	0.40865742	null
"GO:0031143"	"pseudopodium"	-300	3.360593413565249	0.005721773819753145	0.9607415142248044	0.52897454	null
"GO:0031410"	"cytoplasmic vesicle"	-300	5.97609262800176	2.3616677585780756	0.6924978417292598	0.54385974	null
"GO:0001669"	"acrosomal vesicle"	-300	4.2171679787711565	0.0411403772203533	0.7398565898564261	0.77572107	31410
"GO:0005768"	"endosome"	-300	5.691684309482424	1.2269025178674426	0.677315959082766	0.89726082	31410
"GO:0005769"	"early endosome"	-300	5.0666203256759585	0.29089967220199836	0.7095732258102566	0.76253998	31410
"GO:0005770"	"late endosome"	-300	5.138454279965408	0.3432240835523706	0.7058251002494591	0.77592888	31410
"GO:0008021"	"synaptic vesicle"	-300	4.895505418758274	0.19616725995031564	0.654831463945031	0.88311209	31410
"GO:0010008"	"endosome membrane"	-300	5.327107481741135	0.5299465489506734	0.6465351082087032	0.91671947	31410
"GO:0012506"	"vesicle membrane"	-300	5.632141326741975	1.069712190784351	0.6815805689534621	0.86228565	31410
"GO:0030133"	"transport vesicle"	-300	5.276677748790932	0.4718479620142091	0.7021423497637617	0.80306088	31410
"GO:0030135"	"coated vesicle"	-300	5.294585255036669	0.4917107267788123	0.7315674026560822	0.80671543	31410
"GO:0030136"	"clathrin-coated vesicle"	-300	4.910159984424626	0.2028996392637452	0.7398137351562601	0.87974225	31410
"GO:0030139"	"endocytic vesicle"	-300	4.8043507330267765	0.15902688422715566	0.7540332644741776	0.7173469	31410
"GO:0030141"	"secretory granule"	-300	4.746478509930031	0.13918657736241197	0.7189604302099687	0.70808671	31410
"GO:0030658"	"transport vesicle membrane"	-300	5.066925694814899	0.29110428862294024	0.6602627666624786	0.77272477	31410
"GO:0030659"	"cytoplasmic vesicle membrane"	-300	5.625101427263876	1.052511934814199	0.6597150235138458	0.88068669	31410
"GO:0030662"	"coated vesicle membrane"	-300	5.073747668815175	0.29571314873854604	0.6806472557360045	0.76384774	31410
"GO:0030665"	"clathrin-coated vesicle membrane"	-300	4.649977061589579	0.11145356635816582	0.6995087775649355	0.8379881	31410
"GO:0031901"	"early endosome membrane"	-300	4.6473144948659035	0.11077234339576171	0.6845109635199914	0.78246724	31410
"GO:0031902"	"late endosome membrane"	-300	4.772373056075185	0.1477380465644591	0.6779865309959693	0.7122004	31410
"GO:0070382"	"exocytic vesicle"	-300	4.987268426290353	0.24232073948374527	0.7057199856565199	0.90966949	31410
"GO:0097708"	"intracellular vesicle"	-300	5.977144922533338	2.3673970183644486	0.6996267177359078	0.95375105	31410
"GO:0099503"	"secretory vesicle"	-300	5.172772179678029	0.3714461777091121	0.7375295695773493	0.78249264	31410
"GO:0031594"	"neuromuscular junction"	-300	4.234922031428193	0.0428571588984999	0.9443622375335408	0.63964348	null
"GO:0031965"	"nuclear membrane"	-300	4.810984822408226	0.16147479531183853	0.7183193515453291	0.58062463	null
"GO:0005643"	"nuclear pore"	-300	4.967131265491683	0.23134132177466815	0.671251770040947	0.84314523	31965
"GO:0031967"	"organelle envelope"	-300	5.947845273287176	2.2129490503864195	0.8189264561900009	0.21933632	null
"GO:0031968"	"organelle outer membrane"	-300	5.249675207754881	0.44340378418107956	0.736134753076264	0.630219	null
"GO:0005635"	"nuclear envelope"	-300	5.303196057420489	0.5015572682060891	0.7286019043292599	0.7793442	31968
"GO:0005740"	"mitochondrial envelope"	-300	5.786046185764582	1.5246568401709946	0.7569377050329137	0.88186934	31968
"GO:0005741"	"mitochondrial outer membrane"	-300	5.08019341942848	0.30013485968865616	0.7263949140869823	0.81765344	31968
"GO:0005743"	"mitochondrial inner membrane"	-300	5.612523201826304	1.0224657601244267	0.7129150563176561	0.93088778	31968
"GO:0019866"	"organelle inner membrane"	-300	5.641105100931569	1.0920203713114303	0.7296970438084387	0.84836786	31968
"GO:0031966"	"mitochondrial membrane"	-300	5.749308765594938	1.4009886716114803	0.7051612487100648	0.76942889	31968
"GO:0031974"	"membrane-enclosed lumen"	-300	6.224612300524052	4.185416413755364	0.9999319729195191	4.988E-05	null
"GO:0031981"	"nuclear lumen"	-300	6.109087959211095	3.2078514814166494	0.7421005377763563	0.53525519	null
"GO:0005654"	"nucleoplasm"	-300	5.844007212503244	1.7423412635088946	0.7539393161842667	0.81200181	31981
"GO:0005730"	"nucleolus"	-300	5.693085583513647	1.2308675848537436	0.6803393357582418	0.77599589	31981
"GO:0005759"	"mitochondrial matrix"	-300	5.437676060661628	0.6835985091447944	0.7647901226240328	0.72182859	31981
"GO:0043233"	"organelle lumen"	-300	6.224611523751888	4.185408927788744	0.7731650400225569	0.95814413	31981
"GO:0070013"	"intracellular organelle lumen"	-300	6.224608157723124	4.185376488600058	0.7635174923116395	0.91960491	31981
"GO:0031982"	"vesicle"	-300	6.011084286139367	2.559826285649265	0.8232239953448104	0.22362011	null
"GO:0031983"	"vesicle lumen"	-300	3.5259513412480126	0.008374301325377915	0.774686030232007	0.35033998	null
"GO:0031984"	"organelle subcompartment"	-300	5.956728712340636	2.258680820466932	0.8185434846969745	0.16203424	null
"GO:0031985"	"Golgi cisterna"	-300	4.771256673845911	0.14735875758905462	0.7829270853689674	0.62696133	null
"GO:0005795"	"Golgi stack"	-300	4.877808875807157	0.18833444354377174	0.7796138991847582	0.87860424	31985
"GO:0005797"	"Golgi medial cisterna"	-300	3.7975445143617264	0.015653156202054725	0.8140997628781733	0.81962602	31985
"GO:0005802"	"trans-Golgi network"	-300	5.116391871222424	0.32622345335874736	0.7699204399916149	0.8610005	31985
"GO:0032009"	"early phagosome"	-300	2.7067177823367587	0.0012676236809570857	0.8100776760537487	0.69651407	null
"GO:0032153"	"cell division site"	-300	5.106846774779139	0.3191317476475662	0.9999479802397564	3.556E-05	null
"GO:0032154"	"cleavage furrow"	-300	4.100818395731537	0.031471003669745604	0.9278578736315214	0.43693037	null
"GO:0032541"	"cortical endoplasmic reticulum"	-300	3.989761187718778	0.024369316669737993	0.7625531565450261	0.65929113	null
"GO:0032991"	"protein-containing complex"	-300	6.881055872437429	18.975028936380138	1	-0	null
"GO:0032993"	"protein-DNA complex"	-300	5.573066642550204	0.9336672240800589	0.8905523842807257	0.34527909	null
"GO:0033061"	"DNA recombinase mediator complex"	-300	4.0104271727170495	0.025557090040083608	0.9171027491879497	0.23628544	null
"GO:0033063"	"Rad51B-Rad51C-Rad51D-XRCC2 complex"	-300	3.8257505813480277	0.016703686851036875	0.8000080146661656	0.44254559	null
"GO:0033116"	"endoplasmic reticulum-Golgi intermediate compartment membrane"	-300	4.135927335005468	0.03412103585316376	0.7984146052184521	0.10789558	null
"GO:0034045"	"phagophore assembly site membrane"	-300	4.465189458112298	0.07282847392207382	0.9197613086222118	0.0776955	null
"GO:0034399"	"nuclear periphery"	-300	4.370901504867769	0.058615118633232176	0.8134991086077188	0.55888381	null
"GO:0034657"	"GID complex"	-300	4.124993020025895	0.0332726263029169	0.8542359688332481	0.4853444	null
"GO:0000152"	"nuclear ubiquitin ligase complex"	-300	4.750454393956491	0.1404666776544021	0.7119827558114289	0.82487504	34657
"GO:0019005"	"SCF ubiquitin ligase complex"	-300	4.751663946260987	0.14085844324083965	0.838698450453138	0.82506441	34657
"GO:0031461"	"cullin-RING ubiquitin ligase complex"	-300	5.1851737123573365	0.38220600706400765	0.8265471838985096	0.7373612	34657
"GO:0034708"	"methyltransferase complex"	-300	4.898812908987409	0.19766694859648734	0.8035658609044143	0.56679004	null
"GO:0035097"	"histone methyltransferase complex"	-300	4.639227429070263	0.10872867450854942	0.6838586070785515	0.59252817	null
"GO:0035861"	"site of double-strand break"	-300	4.5965091283419985	0.09854276926117378	0.7769034894149554	0.58504983	null
"GO:0036062"	"presynaptic periactive zone"	-300	1.6989700043360187	0.0001222707881238134	0.9217889511887295	0.43195322	null
"GO:0036452"	"ESCRT complex"	-300	4.682695495898711	0.1201747174702623	0.6696759151220066	0.69815377	null
"GO:0036477"	"somatodendritic compartment"	-300	5.288950864807923	0.48537260837402685	0.9999459343752081	3.718E-05	null
"GO:0042170"	"plastid membrane"	-300	4.820076606515652	0.16489089141268548	0.7506729980232485	0.57928405	null
"GO:0009507"	"chloroplast"	-300	5.386275964528088	0.6072965467111217	0.8093433766213429	0.87751835	42170
"GO:0009526"	"plastid envelope"	-300	4.901736137393909	0.19900194597702284	0.7961721863995942	0.7869167	42170
"GO:0009527"	"plastid outer membrane"	-300	3.966047821076454	0.023074244444508216	0.7707584091301415	0.83984532	42170
"GO:0009707"	"chloroplast outer membrane"	-300	3.909983694939844	0.020279483573106764	0.7723398259947812	0.83257347	42170
"GO:0009941"	"chloroplast envelope"	-300	4.628960800218217	0.10618843650222203	0.8016152046574503	0.93656266	42170
"GO:0031969"	"chloroplast membrane"	-300	4.402450538851364	0.06303183893892911	0.766833993444503	0.9011057	42170
"GO:0042175"	"nuclear outer membrane-endoplasmic reticulum membrane network"	-300	5.852416552730781	1.776407402273513	0.8720276497359963	0.53592046	null
"GO:0042470"	"melanosome"	-300	4.288428094800999	0.0484766245077821	0.7739021176961954	0.64244546	null
"GO:0042581"	"specific granule"	-300	2.8260748027008264	0.0016693705562210441	0.7850620270427358	0.30674077	null
"GO:0042597"	"periplasmic space"	-300	5.539592927928207	0.8644070609134351	0.9999428245205568	3.965E-05	null
"GO:0042645"	"mitochondrial nucleoid"	-300	4.162295502772753	0.036257031662020586	0.7458294757361574	0.44628445	null
"GO:0042995"	"cell projection"	-300	5.9927862867668535	2.454214268576769	0.9999361124362182	4.509E-05	null
"GO:0043025"	"neuronal cell body"	-300	4.892133576087512	0.1946501040486977	0.9881661529041217	3.383E-05	null
"GO:0030425"	"dendrite"	-300	5.186752977050775	0.3835983968552951	0.9372352310433221	0.89828461	43025
"GO:0097447"	"dendritic tree"	-300	5.186846194811135	0.38368074248811324	0.9372342524586034	0.95307143	43025
"GO:0043202"	"lysosomal lumen"	-300	3.497620649781288	0.007845293017576926	0.8218900570121125	0.09658133	null
"GO:0043224"	"nuclear SCF ubiquitin ligase complex"	-300	2.1271047983648077	0.00033187785347892204	0.7990312235329025	0.34669252	null
"GO:0043226"	"organelle"	-300	7.1586019816802695	35.952457624126374	0.9999064430547754	0.00012646	null
"GO:0043227"	"membrane-bounded organelle"	-300	7.083750226085466	30.260550315864123	0.7932173281016663	0.58504111	null
"GO:0043228"	"non-membrane-bounded organelle"	-300	6.623900140778908	10.496068807012653	0.8213514596932315	0.21678635	null
"GO:0043229"	"intracellular organelle"	-300	7.1492617699828775	35.1874966391129	0.7803642184193805	0.57840227	null
"GO:0043231"	"intracellular membrane-bounded organelle"	-300	7.072585289060935	29.492520084536526	0.7513898770651057	0.38768553	null
"GO:0044297"	"cell body"	-300	4.902590260940169	0.19939371156346034	0.9999500908701162	3.391E-05	null
"GO:0044306"	"neuron projection terminus"	-300	4.486699615514205	0.07652654143226753	0.9499398967405855	0.6527873	null
"GO:0044391"	"ribosomal subunit"	-300	5.905357588323389	2.006705679365819	0.6538107269391851	0.48292066	null
"GO:0000313"	"organellar ribosome"	-300	5.079521310217364	0.299670729758227	0.7727409176416496	0.72504587	44391
"GO:0000315"	"organellar large ribosomal subunit"	-300	4.8814645459103865	0.18992645911158795	0.7103675795310131	0.95929512	44391
"GO:0005761"	"mitochondrial ribosome"	-300	5.07920296022887	0.29945114140404544	0.6920703265880132	0.72499118	44391
"GO:0005762"	"mitochondrial large ribosomal subunit"	-300	4.881407483738695	0.18990150588952184	0.6426314170379105	0.95928468	44391
"GO:0015934"	"large ribosomal subunit"	-300	5.682465487340822	1.2011333254397973	0.6685020575309157	0.8458787	44391
"GO:0022625"	"cytosolic large ribosomal subunit"	-300	5.560132686457955	0.906271081573705	0.6722691596435191	0.81821244	44391
"GO:0022626"	"cytosolic ribosome"	-300	5.7445839802899545	1.3858295892063341	0.7355872339257731	0.86065589	44391
"GO:0044732"	"mitotic spindle pole body"	-300	4.166578109919652	0.0366163580597722	0.77966663078187	0.65340045	null
"GO:0045121"	"membrane raft"	-300	4.636056396549581	0.10793765736905453	0.9783672413439709	3.197E-05	null
"GO:0045177"	"apical part of cell"	-300	4.920097226078456	0.20759583565658227	0.9999499169809357	3.404E-05	null
"GO:0045179"	"apical cortex"	-300	3.1280760126687155	0.003348722401268522	0.8896641900178057	0.66391322	null
"GO:0045202"	"synapse"	-300	5.678394537381473	1.189926833409919	0.9364253579520941	4.117E-05	null
"GO:0005911"	"cell-cell junction"	-300	5.333962881933754	0.5383782426868032	0.940055766533229	0.80729038	45202
"GO:0042734"	"presynaptic membrane"	-300	4.554573951206435	0.08947227304015211	0.8881211220814383	0.87557802	45202
"GO:0045211"	"postsynaptic membrane"	-300	5.000073823787079	0.24957214581614942	0.8827127046298141	0.74775196	45202
"GO:0097060"	"synaptic membrane"	-300	5.120702226532808	0.32947735351616475	0.884074821198665	0.80897051	45202
"GO:0098793"	"presynapse"	-300	5.257510583190615	0.45147615151945786	0.9348393816963906	0.81479568	45202
"GO:0098794"	"postsynapse"	-300	5.280617063645353	0.4761474021761954	0.9345904953465118	0.79714947	45202
"GO:0045335"	"phagocytic vesicle"	-300	4.476860599826231	0.07481225507632754	0.7569709235431374	0.66791728	null
"GO:0030128"	"clathrin coat of endocytic vesicle"	-300	3.9343469267382556	0.02144978968800612	0.6640586706056705	0.82244056	45335
"GO:0030666"	"endocytic vesicle membrane"	-300	4.357572784051678	0.05684343986654018	0.7131910017441467	0.87707641	45335
"GO:0030669"	"clathrin-coated endocytic vesicle membrane"	-300	3.9403670459856652	0.021749228352799136	0.7236050597981831	0.95907413	45335
"GO:0045334"	"clathrin-coated endocytic vesicle"	-300	4.086288629021682	0.0304354449540031	0.7632277567958395	0.84125463	45335
"GO:0048471"	"perinuclear region of cytoplasm"	-300	4.949385126904219	0.22207868574373765	0.9233750364642681	0.08493604	null
"GO:0048475"	"coated membrane"	-300	5.074212834596789	0.29603005465878524	0.9765254528283914	0.06479615	null
"GO:0048770"	"pigment granule"	-300	4.288897276322566	0.048529026274120875	0.7738855247867075	0.64250647	null
"GO:0051286"	"cell tip"	-300	4.503382063473732	0.07952342340240427	0.9832376889470048	3.108E-05	null
"GO:0043332"	"mating projection tip"	-300	4.118397011951576	0.0327710665393886	0.9307328995880505	0.9402318	51286
"GO:0051285"	"cell cortex of cell tip"	-300	3.716504163773217	0.012988152085396913	0.8662444165841037	0.88613474	51286
"GO:1990819"	"mating projection actin fusion focus"	-300	2.1702617153949575	0.0003668123643714402	0.7878821752892153	0.72530234	51286
"GO:0055028"	"cortical microtubule"	-300	3.623456048069934	0.010482848589962042	0.7339222802807924	0.62890688	null
"GO:0060077"	"inhibitory synapse"	-300	2.9858753573083936	0.0024129765737903584	0.9528989200180239	0.51747526	null
"GO:0060205"	"cytoplasmic vesicle lumen"	-300	3.518382315545344	0.008229572637394624	0.7585417994079812	0.55581481	null
"GO:0034774"	"secretory granule lumen"	-300	3.1007150865730817	0.00314410598032663	0.7417612266377921	0.94949351	60205
"GO:0035580"	"specific granule lumen"	-300	1.7993405494535817	0.00015470997680972306	0.778544241549104	0.82398524	60205
"GO:0061695"	"transferase complex, transferring phosphorus-containing groups"	-300	5.747690630204406	1.395778438844082	0.8144529626537425	0.67686359	null
"GO:0000151"	"ubiquitin ligase complex"	-300	5.415078568117199	0.6489384836950033	0.8248548838359663	0.73178982	61695
"GO:0070319"	"Golgi to plasma membrane transport vesicle"	-300	3.5773768919170146	0.009427327296566673	0.7629162070722095	0.56161755	null
"GO:0071521"	"Cdc42 GTPase complex"	-300	1.6434526764861874	0.00010729885488416277	0.9064161963524364	0.21092265	null
"GO:0071782"	"endoplasmic reticulum tubular network"	-300	4.211787762900892	0.04063382681241178	0.807335620118673	0.56533564	null
"GO:0071944"	"cell periphery"	-300	6.868434645240301	18.431522806558757	0.9999165182377864	7.055E-05	null
"GO:0072686"	"mitotic spindle"	-300	4.765564251964925	0.14543985481217273	0.7523671264989746	0.60570159	null
"GO:0000922"	"spindle pole"	-300	4.837121067778107	0.1714910186491648	0.7493381832620829	0.83608572	72686
"GO:0005876"	"spindle microtubule"	-300	4.5736721024805815	0.09349473243720491	0.7395582084064374	0.79853876	72686
"GO:0051233"	"spindle midzone"	-300	4.415907745556817	0.06501562009318282	0.7661669377634525	0.77762595	72686
"GO:0090443"	"FAR/SIN/STRIPAK complex"	-300	3.4929000111087034	0.007760452062552239	0.9232506369454965	0.2139177	null
"GO:0090575"	"RNA polymerase II transcription regulator complex"	-300	5.224672884472723	0.41859778612518506	0.7474759342010249	0.31308149	null
"GO:0090726"	"cortical dynamic polarity patch"	-300	2.0293837776852097	0.0002645041539004943	0.9059286154547882	0.51109334	null
"GO:0090734"	"site of DNA damage"	-300	4.623032088852036	0.10474863558900896	0.7759110380088456	0.58796814	null
"GO:0097123"	"cyclin A1-CDK2 complex"	-300	1.8976270912904414	0.00019463513211545805	0.8830624531934095	0.52852495	null
"GO:0097125"	"cyclin B1-CDK1 complex"	-300	2.7371926427047373	0.0013599506026015981	0.8709422940539622	0.57499576	null
"GO:0097135"	"cyclin E2-CDK2 complex"	-300	2.8674674878590514	0.0018365571440638092	0.868840535227201	0.32841127	null
"GO:0098552"	"side of membrane"	-300	5.455405271502553	0.7120826121332298	0.9746443076887905	0.05925003	null
"GO:0098588"	"bounding membrane of organelle"	-300	6.069998685933977	2.931736593288806	0.7386218018854546	0.53961696	null
"GO:0098590"	"plasma membrane region"	-300	5.528594071846178	0.8427900846375862	0.9386061643105359	0.22883472	null
"GO:0098687"	"chromosomal region"	-300	5.265381567728317	0.4597331727011251	0.7488046639645913	0.41138224	null
"GO:0000228"	"nuclear chromosome"	-300	5.307333414461482	0.5063582681316038	0.678645262996231	0.73222073	98687
"GO:0000785"	"chromatin"	-300	5.628624917747274	1.0610858619161054	0.730310651154074	0.72509643	98687
"GO:0098791"	"Golgi apparatus subcompartment"	-300	5.301921555060447	0.5000875234263967	0.7660662270745519	0.1834429	null
"GO:0000139"	"Golgi membrane"	-300	5.516339665929897	0.8193415418620867	0.6913721754762328	0.72676684	98791
"GO:0005789"	"endoplasmic reticulum membrane"	-300	5.845714920277423	1.7492058948992744	0.6803098816274653	0.79296163	98791
"GO:0098827"	"endoplasmic reticulum subcompartment"	-300	5.850740556886459	1.7695652287829926	0.7397712002027546	0.91697342	98791
"GO:0098796"	"membrane protein complex"	-300	6.217715506193215	4.11947502912353	0.8494314829256352	0.42642357	null
"GO:0098798"	"mitochondrial protein-containing complex"	-300	5.325702394469938	0.52823475791694	0.7432950807661309	0.321783	null
"GO:0098800"	"inner mitochondrial membrane protein complex"	-300	4.798084105211312	0.15674865505252217	0.6859068720899737	0.50211966	null
"GO:0098803"	"respiratory chain complex"	-300	5.300953987478738	0.49897460972224944	0.8963434687075904	0.31960703	null
"GO:0098857"	"membrane microdomain"	-300	4.636507955681417	0.10804994686835193	0.978365493530869	0.05106778	null
"GO:0098890"	"extrinsic component of postsynaptic membrane"	-300	2.369215857410143	0.0005814100741397657	0.9101512270892881	0.606607	null
"GO:0098888"	"extrinsic component of presynaptic membrane"	-300	3.4382258076045296	0.006842173490520333	0.8947891881931689	0.88240128	98890
"GO:0099080"	"supramolecular complex"	-300	5.855936289863483	1.7908628038163958	0.9999383110290418	4.33E-05	null
"GO:0099513"	"polymeric cytoskeletal fiber"	-300	5.620193332243336	1.040684107554875	0.7004679159240681	0.04910535	null
"GO:0005874"	"microtubule"	-300	5.475562237916558	0.7459116952882203	0.7009023707185618	0.91232981	99513
"GO:0005881"	"cytoplasmic microtubule"	-300	4.57275546515422	0.09329760198288284	0.7408446459405446	0.74801743	99513
"GO:0010494"	"cytoplasmic stress granule"	-300	4.494321598243498	0.07788150139045591	0.7719469134933313	0.87602042	99513
"GO:0015629"	"actin cytoskeleton"	-300	5.485847722524024	0.7637881835763632	0.7352941639087964	0.71211904	99513
"GO:0015630"	"microtubule cytoskeleton"	-300	5.827079000143256	1.6757336278478956	0.7161504978216372	0.77677233	99513
"GO:0035770"	"ribonucleoprotein granule"	-300	5.147509374704095	0.3504555273071219	0.7497779409854602	0.77315629	99513
"GO:0036464"	"cytoplasmic ribonucleoprotein granule"	-300	5.125357628700393	0.3330281970161686	0.7457308477755642	0.76931635	99513
"GO:0099081"	"supramolecular polymer"	-300	5.704623177047826	1.2640054637575036	0.9314091105496515	0.88414452	99513
"GO:0099512"	"supramolecular fiber"	-300	5.7040689716830855	1.2623934856120345	0.9282620609102626	0.96574193	99513
"GO:0099568"	"cytoplasmic region"	-300	5.060539199484907	0.28685475490508605	0.9217409883857342	3.517E-05	null
"GO:0099738"	"cell cortex region"	-300	4.441333727689481	0.06893577127976466	0.8694399723680033	0.07737054	null
"GO:0061645"	"endocytic patch"	-300	4.598538827476588	0.09900440386939634	0.867643350004584	0.72438848	99738
"GO:0120025"	"plasma membrane bounded cell projection"	-300	5.907165119107034	2.0150749900467835	0.9441885764890259	-0	null
"GO:0030424"	"axon"	-300	5.239134240573442	0.432771216258721	0.9434786529300951	0.77378579	120025
"GO:0043005"	"neuron projection"	-300	5.66007202396096	1.1407689859397327	0.9439004500216022	0.86330507	120025
"GO:0150034"	"distal axon"	-300	4.7170793938576265	0.1300761559860846	0.945394935264377	0.68561332	null
"GO:0030426"	"growth cone"	-300	4.348927619178392	0.055723040195773	0.9326145525310262	0.9031253	150034
"GO:0043195"	"terminal bouton"	-300	4.264983012316461	0.045928900534834886	0.8927857984980789	0.96308088	150034
"GO:0043679"	"axon terminus"	-300	4.474463945321284	0.07440052691223714	0.8893980748840332	0.78264832	150034
"GO:1902493"	"acetyltransferase complex"	-300	5.087000120795991	0.3048759718812122	0.8363356224669825	0.53463892	null
"GO:1902494"	"catalytic complex"	-300	6.442500777747844	6.912374390158849	0.8668383019906879	0.46448686	null
"GO:1902554"	"serine/threonine protein kinase complex"	-300	5.142239251850237	0.3462284514891272	0.8189754617931173	0.68552698	null
"GO:0000307"	"cyclin-dependent protein kinase holoenzyme complex"	-300	4.837443228306863	0.17161828008170182	0.8278445022094254	0.92269641	1902554
"GO:0000428"	"DNA-directed RNA polymerase complex"	-300	5.424139763894823	0.6626203353538372	0.8129913159970334	0.79552104	1902554
"GO:0005666"	"RNA polymerase III complex"	-300	4.645127399258391	0.11021588654368804	0.7122246599527469	0.8353599	1902554
"GO:0030880"	"RNA polymerase complex"	-300	5.442531505036565	0.6912841015411484	0.8139120140834213	0.84316944	1902554
"GO:0042575"	"DNA polymerase complex"	-300	4.934735733395041	0.21471249458982952	0.8301645489085715	0.71334286	1902554
"GO:0055029"	"nuclear DNA-directed RNA polymerase complex"	-300	5.271864830219395	0.46664771053563714	0.6794123259919721	0.95145459	1902554
"GO:0097124"	"cyclin A2-CDK2 complex"	-300	3.268343913951065	0.004626327371052042	0.8619247564079433	0.70960927	1902554
"GO:0097134"	"cyclin E1-CDK2 complex"	-300	3.2352758766870524	0.004286963550953295	0.8625225840003801	0.70617095	1902554
"GO:1902911"	"protein kinase complex"	-300	5.182640016186013	0.3799826749779195	0.8238309706810885	0.74957455	1902554
"GO:1903293"	"phosphatase complex"	-300	4.721357130022457	0.13136374224469455	0.8677992297046786	0.49027371	null
"GO:1905368"	"peptidase complex"	-300	5.3570443929868015	0.5677656523140309	0.8517461199474906	0.57292836	null
"GO:1990204"	"oxidoreductase complex"	-300	5.36222415860347	0.5745778819380719	0.8515993005070943	0.57371648	null
"GO:1990221"	"L-cysteine desulfurase complex"	-300	3.330210784571528	0.005334998877728837	0.8268336216201969	0.20773459	null
"GO:1990234"	"transferase complex"	-300	6.078029200928229	2.986451523313109	0.8281260768761798	0.40576077	null
"GO:1990498"	"mitotic spindle microtubule"	-300	3.678700434998304	0.011905182247728852	0.7708007627401452	0.69283374	null
"GO:0005827"	"polar microtubule"	-300	3.2511513431753545	0.0044466641721762346	0.783836208880264	0.73134286	1990498
"GO:1990537"	"mitotic spindle polar microtubule"	-300	2.996949248495381	0.002475359628955569	0.7909058908727128	0.70953312	1990498
"GO:1990753"	"equatorial cell cortex"	-300	1.7160033436347992	0.00012726143253703027	0.9007892650711568	0.55980672	null
"GO:1990904"	"ribonucleoprotein complex"	-300	6.2449729190612935	4.3863098139649965	0.873058733863366	0	null
